总偏振度_P_weighted,线偏振度_P_lin_weighted,圆偏振度_绝对值_P_circ_weighted,水平偏振度_P_horiz_weighted,垂直偏振度_P_vert_weighted
0.9999999922857291,0.9966876416917853,0.015722289398390127,0.9963406041623734,0.003659391982434115
