总偏振度_P_weighted,线偏振度_P_lin_weighted,圆偏振度_绝对值_P_circ_weighted,水平偏振度_P_horiz_weighted,垂直偏振度_P_vert_weighted
0.9999999815490481,0.9999642382566587,0.0034237273853788357,0.9305852843066643,0.06941470646865072
