总偏振度_P_weighted,线偏振度_P_lin_weighted,圆偏振度_绝对值_P_circ_weighted,水平偏振度_P_horiz_weighted,垂直偏振度_P_vert_weighted
1.0000000001544513,0.9999999494243546,1.3123766447784586e-05,2.000492856271309e-07,0.9999998000279406
