总偏振度_P,线偏振度_P_lin,圆偏振度_P_circ_abs,水平偏振度_P_horiz,垂直偏振度_P_vert
0.9999999948931269,0.8059167090239889,0.48674865178297755,0.8199875826717278,0.18001242646336316
