总偏振度_P_weighted,线偏振度_P_lin_weighted,圆偏振度_绝对值_P_circ_weighted,水平偏振度_P_horiz_weighted,垂直偏振度_P_vert_weighted
0.9999999998561353,0.9964018395563695,0.054093975833156546,0.025734991960345035,0.9742650080046352
